De Silva	ebef92d8-f680-4da1-911e-127e55a6d1b6	2026-04-30 15:21:49
Bhashi Navod	ebef92d8-f680-4da1-911e-127e55a6d1b6	2026-04-27 01:19:11
Ravindu Lohan	57b09af4-030d-43a2-9ade-9730465b3c0f	2026-04-22 13:57:07
De Silva	57b09af4-030d-43a2-9ade-9730465b3c0f	2026-04-23 10:10:39
Bhashi Navod	f2614821-6ed1-4144-b02c-c281f0337b61	2026-04-22 17:42:35
De Silva	f2614821-6ed1-4144-b02c-c281f0337b61	2026-04-29 22:58:30
Bhashi Navod	ea657da1-800c-4ea3-a767-97cf9fcb61aa	2026-04-28 18:30:56
Dinesh	ea657da1-800c-4ea3-a767-97cf9fcb61aa	2026-04-23 10:26:46
Bhashi Navod	3d1f429c-ad5b-4620-b031-1873a31e2604	2026-04-28 18:53:10
De Silva	3d1f429c-ad5b-4620-b031-1873a31e2604	2026-04-30 13:16:14
De Silva	be5c5d93-1106-476e-abd4-2ba9f752b4cc	2026-05-01 17:25:06
